Workbook
Name Slicer_اسم_المشروع: #N/A
Name Slicer_الجهة_الحكومية: #N/A
Name Slicer_تاريخ_بداية_التقديم__Month: #N/A
Name Slicer_تاريخ_بداية_التقديم__Year: #N/A

Sheet تفاصيل المشروع
A1: اسم المشروع | B1: الجهة الحكومية | C1: المنطقة | D1: رقم المناقصة | E1: تفاصيل المناقصة | F1: تاريخ بداية التقديم | G1: شهر التقديم | H1: تاريخ انتهاء التقديم | I1: قيمة الكراسة | J1: قيمة المشروع | K1: حالة المشروع | L1: الفرق | M1: نسبة الربحية المتوقعة | N1: قيمة الربح | O1: قيمة العمولات
A2: حفل تخريج الدفعة 65 | B2: وزارة التعليم | C2: الرياض | D2: 3423565232 | E2: تغطية الحفل وتجهيز المكان | F2: 45302 | G2: =TEXT(Table1[[#This Row],[تاريخ بداية التقديم]],"mmm") -> Jan | H2: 45302 | I2: 500 | J2: 15000 | K2: مقبول | L2: ='تفاصيل المشروع'!$J2 - SUMIF('تفاصيل للجهات'!A:A, 'تفاصيل المشروع'!$A2, 'تفاصيل للجهات'!O:O) -> -485.21 | M2: 0.33 | N2: =Table1[[#This Row],[نسبة الربحية المتوقعة]]*Table1[[#This Row],[قيمة المشروع]] -> 4950 | O2: 500
A3: حفل تخريج الدفعة 66 | B3: وزارة الصحة | C3: جدة | D3: 3423565232 | E3: التجعيز | F3: 45607 | G3: =TEXT(Table1[[#This Row],[تاريخ بداية التقديم]],"mmm") -> Nov | H3: 45621 | I3: 500 | J3: 15000 | K3: مرفوض | L3: ='تفاصيل المشروع'!$J3 - SUMIF('تفاصيل للجهات'!A:A, 'تفاصيل المشروع'!$A3, 'تفاصيل للجهات'!O:O) -> 12667.8 | M3: 0.29 | N3: =Table1[[#This Row],[نسبة الربحية المتوقعة]]*Table1[[#This Row],[قيمة المشروع]] -> 4350 | O3: 500
A4: حفل تخريج الدفعة 67 | B4: وزارة الصحة | C4: المدينة | D4: 3423565232 | E4: تغطية الحفل وتجهيز المكان | F4: 45636 | G4: =TEXT(Table1[[#This Row],[تاريخ بداية التقديم]],"mmm") -> Dec | H4: 45645 | I4: 600 | J4: 15000 | K4: مقبول | L4: ='تفاصيل المشروع'!$J4 - SUMIF('تفاصيل للجهات'!A:A, 'تفاصيل المشروع'!$A4, 'تفاصيل للجهات'!O:O) -> 12467.47 | M4: 0.37 | N4: =Table1[[#This Row],[نسبة الربحية المتوقعة]]*Table1[[#This Row],[قيمة المشروع]] -> 5550 | O4: 500
A5: حفل تخريج الدفعة 68 | B5: وزارة الصحة | C5: الرياض | D5: 3423565232 | E5: تغطية الحفل وتجهيز المكان | F5: 45929 | G5: =TEXT(Table1[[#This Row],[تاريخ بداية التقديم]],"mmm") -> Sep | H5: 45585 | I5: 1500 | J5: 15000 | K5: مقبول | L5: ='تفاصيل المشروع'!$J5 - SUMIF('تفاصيل للجهات'!A:A, 'تفاصيل المشروع'!$A5, 'تفاصيل للجهات'!O:O) -> 12196.875 | M5: 0.19 | N5: =Table1[[#This Row],[نسبة الربحية المتوقعة]]*Table1[[#This Row],[قيمة المشروع]] -> 2850 | O5: 500
A6: حفل تخريج الدفعة 69 | B6: وزارة الصحة | C6: جدة | D6: 3423565232 | E6: التجعيز | F6: 45432 | G6: =TEXT(Table1[[#This Row],[تاريخ بداية التقديم]],"mmm") -> May | H6: 45444 | I6: 1200 | J6: 5000000 | K6: مقبول | L6: ='تفاصيل المشروع'!$J6 - SUMIF('تفاصيل للجهات'!A:A, 'تفاصيل المشروع'!$A6, 'تفاصيل للجهات'!O:O) -> 4996890.4 | M6: 0.35 | N6: =Table1[[#This Row],[نسبة الربحية المتوقعة]]*Table1[[#This Row],[قيمة المشروع]] -> 1750000 | O6: 500
A7: حفل تخريج الدفعة 70 | B7: وزارة الصحة | C7: جدة | D7: 3423565232 | E7: تغطية الحفل وتجهيز المكان | F7: 45306 | G7: =TEXT(Table1[[#This Row],[تاريخ بداية التقديم]],"mmm") -> Jan | H7: 45311 | I7: 500 | J7: 600000 | K7: مرفوض | L7: ='تفاصيل المشروع'!$J7 - SUMIF('تفاصيل للجهات'!A:A, 'تفاصيل المشروع'!$A7, 'تفاصيل للجهات'!O:O) -> 596721.46 | M7: 0.288 | N7: =Table1[[#This Row],[نسبة الربحية المتوقعة]]*Table1[[#This Row],[قيمة المشروع]] -> 172800 | O7: 500
A8: حفل تخريج الدفعة 71 | B8: وزارة الصحة | C8: المدينة | D8: 3423565232 | E8: تغطية الحفل وتجهيز المكان | F8: 45576 | G8: =TEXT(Table1[[#This Row],[تاريخ بداية التقديم]],"mmm") -> Oct | H8: 45590 | I8: 650 | J8: 500 | K8: مقبول | L8: ='تفاصيل المشروع'!$J8 - SUMIF('تفاصيل للجهات'!A:A, 'تفاصيل المشروع'!$A8, 'تفاصيل للجهات'!O:O) -> -4074.7 | M8: 0.282 | N8: =Table1[[#This Row],[نسبة الربحية المتوقعة]]*Table1[[#This Row],[قيمة المشروع]] -> 141 | O8: 500
A9: حفل تخريج الدفعة 72 | B9: وزارة الصحة | C9: الرياض | D9: 3423565232 | E9: التجعيز | F9: 45636 | G9: =TEXT(Table1[[#This Row],[تاريخ بداية التقديم]],"mmm") -> Dec | H9: 45655 | I9: 2000 | J9: 25000 | K9: مرفوض | L9: ='تفاصيل المشروع'!$J9 - SUMIF('تفاصيل للجهات'!A:A, 'تفاصيل المشروع'!$A9, 'تفاصيل للجهات'!O:O) -> 19603.05 | M9: 0.276 | N9: =Table1[[#This Row],[نسبة الربحية المتوقعة]]*Table1[[#This Row],[قيمة المشروع]] -> 6900 | O9: 500
A10: حفل تخريج الدفعة 73 | B10: وزارة الصحة | C10: جدة | D10: 3423565232 | E10: تغطية الحفل وتجهيز المكان | F10: 45309 | G10: =TEXT(Table1[[#This Row],[تاريخ بداية التقديم]],"mmm") -> Jan | H10: 45327 | I10: 900 | J10: 27000 | K10: مقبول | L10: ='تفاصيل المشروع'!$J10 - SUMIF('تفاصيل للجهات'!A:A, 'تفاصيل المشروع'!$A10, 'تفاصيل للجهات'!O:O) -> 21618 | M10: 0.27 | N10: =Table1[[#This Row],[نسبة الربحية المتوقعة]]*Table1[[#This Row],[قيمة المشروع]] -> 7290 | O10: 500
A11: حفل تخريج الدفعة 74 | B11: وزارة الصحة | C11: جدة | D11: 3423565232 | E11: تغطية الحفل وتجهيز المكان | F11: 45311 | G11: =TEXT(Table1[[#This Row],[تاريخ بداية التقديم]],"mmm") -> Jan | H11: 45317 | I11: 700 | J11: 13000 | K11: مقبول | L11: ='تفاصيل المشروع'!$J11 - SUMIF('تفاصيل للجهات'!A:A, 'تفاصيل المشروع'!$A11, 'تفاصيل للجهات'!O:O) -> 9232.6 | M11: 0.264 | N11: =Table1[[#This Row],[نسبة الربحية المتوقعة]]*Table1[[#This Row],[قيمة المشروع]] -> 3432 | O11: 500
A12: حفل تخريج الدفعة 75 | B12: وزارة الصحة | C12: المدينة | D12: 3423565232 | E12: التجعيز | F12: 45311 | G12: =TEXT(Table1[[#This Row],[تاريخ بداية التقديم]],"mmm") -> Jan | H12: 45314 | I12: 825 | J12: 10000 | K12: مقبول | L12: ='تفاصيل المشروع'!$J12 - SUMIF('تفاصيل للجهات'!A:A, 'تفاصيل المشروع'!$A12, 'تفاصيل للجهات'!O:O) -> 4737.6 | M12: 0.258 | N12: =Table1[[#This Row],[نسبة الربحية المتوقعة]]*Table1[[#This Row],[قيمة المشروع]] -> 2580 | O12: 500
A13: حفل تخريج الدفعة 76 | B13: وزارة الشباب | C13: الرياض | D13: 3423565232 | E13: تغطية الحفل وتجهيز المكان | F13: 45514 | G13: =TEXT(Table1[[#This Row],[تاريخ بداية التقديم]],"mmm") -> Aug | H13: 45529 | I13: 730 | J13: 10000 | K13: مقبول | L13: ='تفاصيل المشروع'!$J13 - SUMIF('تفاصيل للجهات'!A:A, 'تفاصيل المشروع'!$A13, 'تفاصيل للجهات'!O:O) -> 5358.025 | M13: 0.252 | N13: =Table1[[#This Row],[نسبة الربحية المتوقعة]]*Table1[[#This Row],[قيمة المشروع]] -> 2520 | O13: 500
... A15: حفل تخريج الدفعة 78 | B15: وزارة التعليم | C15: جدة | D15: 3423565232 | E15: التجعيز | F15: 45555 | G15: =TEXT(Table1[[#This Row],[تاريخ بداية التقديم]],"mmm") -> Sep | H15: 45567 | I15: 540 | J15: 12000 | K15: مقبول | L15: ='تفاصيل المشروع'!$J15 - SUMIF('تفاصيل للجهات'!A:A, 'تفاصيل المشروع'!$A15, 'تفاصيل للجهات'!O:O) -> 7515 | M15: 0.24 | N15: =Table1[[#This Row],[نسبة الربحية المتوقعة]]*Table1[[#This Row],[قيمة المشروع]] -> 2880 | O15: 500

Sheet تفاصيل للجهات
A1: اسم المشروع | B1: الجهة الحكومية | C1: المخرج | D1: الوحدة | E1: تكلفة الحبة اللواحدة | F1: إجمالي التكاليف للحبة الواحدة | G1: التكاليف التشغيلية 20% | H1: المخاطرة 10% ( تحسب تلقائيا ) | I1: إجمالي التكاليف | J1: ضريبة المنتج الواحد | K1: الإجمالي للبيع | L1: الكمية | M1: اجمالي بدون ضريبة | N1: ضريبة | O1: الإجمالي مع الضريبة | P1: اجمالي الربح
A2: حفل تخريج الدفعة 65 | B2: وزارة التعليم | C2: تقرير | D2: مطبوع | E2: 134 | F2: =Table2[[#This Row],[الكمية]]*Table2[[#This Row],[تكلفة الحبة اللواحدة]] -> 1608 | G2: =E2*20% -> 26.8 | H2: =E2*10% -> 13.4 | I2: =H2+G2+E2 -> 174.2 | J2: =I2*15% -> 26.13 | K2: =J2+I2 -> 200.33 | L2: 12 | M2: =I2*L2 -> 2090.4 | N2: =M2*15% -> 313.56 | O2: =SUM(M2:N2) -> 2403.96 | P2: =M2-K2 -> 1890.07
A3: حفل تخريج الدفعة 65 | B3: وزارة الصحة | C3: فيديو | D3: فلم | E3: 350 | F3: =Table2[[#This Row],[الكمية]]*Table2[[#This Row],[تكلفة الحبة اللواحدة]] -> 8750 | G3: =E3*20% -> 70 | H3: =E3*10% -> 35 | I3: =H3+G3+E3 -> 455 | J3: =I3*15% -> 68.25 | K3: =J3+I3 -> 523.25 | L3: 25 | M3: =I3*L3 -> 11375 | N3: =M3*15% -> 1706.25 | O3: =SUM(M3:N3) -> 13081.25 | P3: =M3-K3 -> 10851.75
A4: حفل تخريج الدفعة 66 | B4: وزارة الصحة | C4: فيديو | D4: فلم | E4: 120 | F4: =Table2[[#This Row],[الكمية]]*Table2[[#This Row],[تكلفة الحبة اللواحدة]] -> 1560 | G4: =E4*20% -> 24 | H4: =E4*10% -> 12 | I4: =H4+G4+E4 -> 156 | J4: =I4*15% -> 23.4 | K4: =J4+I4 -> 179.4 | L4: 13 | M4: =I4*L4 -> 2028 | N4: =M4*15% -> 304.2 | O4: =SUM(M4:N4) -> 2332.2 | P4: =M4-K4 -> 1848.6
A5: حفل تخريج الدفعة 67 | B5: وزارة الصحة | C5: فيديو | D5: فلم | E5: 121 | F5: =Table2[[#This Row],[الكمية]]*Table2[[#This Row],[تكلفة الحبة اللواحدة]] -> 1694 | G5: =E5*20% -> 24.2 | H5: =E5*10% -> 12.1 | I5: =H5+G5+E5 -> 157.3 | J5: =I5*15% -> 23.595 | K5: =J5+I5 -> 180.895 | L5: 14 | M5: =I5*L5 -> 2202.2 | N5: =M5*15% -> 330.33 | O5: =SUM(M5:N5) -> 2532.53 | P5: =M5-K5 -> 2021.305
A6: حفل تخريج الدفعة 68 | B6: وزارة الصحة | C6: تقرير | D6: مطبوع | E6: 125 | F6: =Table2[[#This Row],[الكمية]]*Table2[[#This Row],[تكلفة الحبة اللواحدة]] -> 1875 | G6: =E6*20% -> 25 | H6: =E6*10% -> 12.5 | I6: =H6+G6+E6 -> 162.5 | J6: =I6*15% -> 24.375 | K6: =J6+I6 -> 186.875 | L6: 15 | M6: =I6*L6 -> 2437.5 | N6: =M6*15% -> 365.625 | O6: =SUM(M6:N6) -> 2803.125 | P6: =M6-K6 -> 2250.625
A7: حفل تخريج الدفعة 69 | B7: وزارة الصحة | C7: فيديو | D7: فلم | E7: 130 | F7: =Table2[[#This Row],[الكمية]]*Table2[[#This Row],[تكلفة الحبة اللواحدة]] -> 2080 | G7: =E7*20% -> 26 | H7: =E7*10% -> 13 | I7: =H7+G7+E7 -> 169 | J7: =I7*15% -> 25.35 | K7: =J7+I7 -> 194.35 | L7: 16 | M7: =I7*L7 -> 2704 | N7: =M7*15% -> 405.6 | O7: =SUM(M7:N7) -> 3109.6 | P7: =M7-K7 -> 2509.65
A8: حفل تخريج الدفعة 70 | B8: وزارة الصحة | C8: فيديو | D8: فلم | E8: 129 | F8: =Table2[[#This Row],[الكمية]]*Table2[[#This Row],[تكلفة الحبة اللواحدة]] -> 2193 | G8: =E8*20% -> 25.8 | H8: =E8*10% -> 12.9 | I8: =H8+G8+E8 -> 167.7 | J8: =I8*15% -> 25.155 | K8: =J8+I8 -> 192.855 | L8: 17 | M8: =I8*L8 -> 2850.9 | N8: =M8*15% -> 427.635 | O8: =SUM(M8:N8) -> 3278.535 | P8: =M8-K8 -> 2658.045
A9: حفل تخريج الدفعة 71 | B9: وزارة الصحة | C9: تقرير | D9: مطبوع | E9: 170 | F9: =Table2[[#This Row],[الكمية]]*Table2[[#This Row],[تكلفة الحبة اللواحدة]] -> 3060 | G9: =E9*20% -> 34 | H9: =E9*10% -> 17 | I9: =H9+G9+E9 -> 221 | J9: =I9*15% -> 33.15 | K9: =J9+I9 -> 254.15 | L9: 18 | M9: =I9*L9 -> 3978 | N9: =M9*15% -> 596.7 | O9: =SUM(M9:N9) -> 4574.7 | P9: =M9-K9 -> 3723.85
A10: حفل تخريج الدفعة 72 | B10: وزارة الصحة | C10: فيديو | D10: فلم | E10: 190 | F10: =Table2[[#This Row],[الكمية]]*Table2[[#This Row],[تكلفة الحبة اللواحدة]] -> 3610 | G10: =E10*20% -> 38 | H10: =E10*10% -> 19 | I10: =H10+G10+E10 -> 247 | J10: =I10*15% -> 37.05 | K10: =J10+I10 -> 284.05 | L10: 19 | M10: =I10*L10 -> 4693 | N10: =M10*15% -> 703.95 | O10: =SUM(M10:N10) -> 5396.95 | P10: =M10-K10 -> 4408.95
A11: حفل تخريج الدفعة 73 | B11: وزارة الصحة | C11: فيديو | D11: فلم | E11: 180 | F11: =Table2[[#This Row],[الكمية]]*Table2[[#This Row],[تكلفة الحبة اللواحدة]] -> 3600 | G11: =E11*20% -> 36 | H11: =E11*10% -> 18 | I11: =H11+G11+E11 -> 234 | J11: =I11*15% -> 35.1 | K11: =J11+I11 -> 269.1 | L11: 20 | M11: =I11*L11 -> 4680 | N11: =M11*15% -> 702 | O11: =SUM(M11:N11) -> 5382 | P11: =M11-K11 -> 4410.9
A12: حفل تخريج الدفعة 74 | B12: وزارة الصحة | C12: تقرير | D12: مطبوع | E12: 120 | F12: =Table2[[#This Row],[الكمية]]*Table2[[#This Row],[تكلفة الحبة اللواحدة]] -> 2520 | G12: =E12*20% -> 24 | H12: =E12*10% -> 12 | I12: =H12+G12+E12 -> 156 | J12: =I12*15% -> 23.4 | K12: =J12+I12 -> 179.4 | L12: 21 | M12: =I12*L12 -> 3276 | N12: =M12*15% -> 491.4 | O12: =SUM(M12:N12) -> 3767.4 | P12: =M12-K12 -> 3096.6
A13: حفل تخريج الدفعة 75 | B13: وزارة الصحة | C13: فيديو | D13: فلم | E13: 160 | F13: =Table2[[#This Row],[الكمية]]*Table2[[#This Row],[تكلفة الحبة اللواحدة]] -> 3520 | G13: =E13*20% -> 32 | H13: =E13*10% -> 16 | I13: =H13+G13+E13 -> 208 | J13: =I13*15% -> 31.2 | K13: =J13+I13 -> 239.2 | L13: 22 | M13: =I13*L13 -> 4576 | N13: =M13*15% -> 686.4 | O13: =SUM(M13:N13) -> 5262.4 | P13: =M13-K13 -> 4336.8
... A16: حفل تخريج الدفعة 78 | B16: وزارة التعليم | C16: فيديو | D16: فلم | E16: 120 | F16: =Table2[[#This Row],[الكمية]]*Table2[[#This Row],[تكلفة الحبة اللواحدة]] -> 3000 | G16: =E16*20% -> 24 | H16: =E16*10% -> 12 | I16: =H16+G16+E16 -> 156 | J16: =I16*15% -> 23.4 | K16: =J16+I16 -> 179.4 | L16: 25 | M16: =I16*L16 -> 3900 | N16: =M16*15% -> 585 | O16: =SUM(M16:N16) -> 4485 | P16: =M16-K16 -> 3720.6

Sheet نسبة النمو
A3: Row Labels | B3: Distinct Count of اسم المشروع2
A4: Jan
A5: May | B5: -0.83333333
A6: Aug | B6: 0
A7: Sep | B7: 1
A8: Oct | B8: -0.5
A9: Dec | B9: 1
A10: Grand Total

Sheet المبيعات والربح
A3: الكمية | B3: إجمالي البيع بدون ضريبة | C3: الضريبة | D3: إجمالي البيع مع الضريبة | E3: إجمالي الربح
A4: 271 | B4: 57136.3 | C4: 8570.445 | D4: 65706.745 | E4: 53842.815

Sheet التكاليف
A3: تكلفة الحبة الواحدة | B3: المخاطرة 10% | C3: ضريبة المنتج الواحد | D3: إجمالي التكاليف ( بعد الضرائب )
A4: 2203 | B4: 220.3 | C4: 429.585 | D4: 3293.485

Sheet المناطق والجهات
A3: المنطقة | B3: Count of اسم المشروع | I3: الجهة الحكومية | J3: Count of اسم المشروع
A4: الرياض | B4: 4 | I4: وزارة التعليم | J4: 3
A5: المدينة | B5: 3 | I5: وزارة الشباب | J5: 1
A6: جدة | B6: 6 | I6: وزارة الصحة | J6: 9
A7: Grand Total | B7: 13 | I7: Grand Total | J7: 13
D16: Distinct Count of الجهة الحكومية
D17: 3
F18: =GETPIVOTDATA("[Measures].[Distinct Count of الجهة الحكومية]",$D$16) -> 3 | G18: عدد الجهات الحكومية

Sheet مؤشرات اساسية
A3: اسم المشروع | B3: Sum of قيمة المشروع | C3: Sum of نسبة الربحية المتوقعة | D3: Count of اسم المشروع
A4: حفل تخريج الدفعة 65 | B4: 15000 | C4: 0.33 | D4: 1 | R4: Row Labels | S4: Count of حالة المشروع | T4: Sum of قيمة الكراسة | U4: Sum of قيمة المشروع
A5: حفل تخريج الدفعة 67 | B5: 15000 | C5: 0.37 | D5: 1 | I5: =GETPIVOTDATA("[Measures].[Sum of قيمة المشروع]",$A$3) -> 5752500 | J5: قيمة المشروع | R5: مقبول | S5: 11 | T5: 8780 | U5: 5127500
A6: حفل تخريج الدفعة 68 | B6: 15000 | C6: 0.19 | D6: 1 | I6: =GETPIVOTDATA("[Measures].[Sum of نسبة الربحية المتوقعة]",$A$3) -> 3.616 | J6: نسبة الربحية | M6: =N6 & "%" -> 361.6% | N6: =I6*100 -> 361.6 | O6: نسبة الربح | R6: مرفوض | S6: 2 | T6: 2500 | U6: 625000
A7: حفل تخريج الدفعة 69 | B7: 5000000 | C7: 0.35 | D7: 1 | N7: =IF(N6<=100,100-N6,0) -> 0 | R7: Grand Total | S7: 13 | T7: 11280 | U7: 5752500
A8: حفل تخريج الدفعة 70 | B8: 600000 | C8: 0.288 | D8: 1 | I8: =I6*I5 -> 20801040 | J8: الربحية
A9: حفل تخريج الدفعة 71 | B9: 500 | C9: 0.282 | D9: 1 | R9: مرفوض | S9: مقبول
A10: حفل تخريج الدفعة 72 | B10: 25000 | C10: 0.276 | D10: 1 | R10: =IFERROR(GETPIVOTDATA("[Measures].[Count of حالة المشروع]",$R$4,"[Table1].[حالة المشروع]","[Table1].[حالة المشروع].&[مرفوض]"),"لا توجد ") -> 2 | S10: =GETPIVOTDATA("[Measures].[Count of حالة المشروع]",$R$4,"[Table1].[حالة المشروع]","[Table1].[حالة المشروع].&[مقبول]") -> 11 | T10: عدد المشروعات
A11: حفل تخريج الدفعة 73 | B11: 27000 | C11: 0.27 | D11: 1 | R11: =IFERROR(GETPIVOTDATA("[Measures].[Sum of قيمة الكراسة]",$R$4,"[Table1].[حالة المشروع]","[Table1].[حالة المشروع].&[مرفوض]"),"لا توجد") -> 2500 | S11: =GETPIVOTDATA("[Measures].[Sum of قيمة المشروع]",$R$4,"[Table1].[حالة المشروع]","[Table1].[حالة المشروع].&[مقبول]") -> 5127500 | T11: قيمة المشروع
A12: حفل تخريج الدفعة 74 | B12: 13000 | C12: 0.264 | D12: 1 | R12: =IFERROR(GETPIVOTDATA("[Measures].[Sum of قيمة المشروع]",$R$4,"[Table1].[حالة المشروع]","[Table1].[حالة المشروع].&[مرفوض]"),"لا توجد") -> 625000 | S12: =GETPIVOTDATA("[Measures].[Sum of قيمة الكراسة]",$R$4,"[Table1].[حالة المشروع]","[Table1].[حالة المشروع].&[مقبول]") -> 8780 | T12: قيمة الكراسات
A13: حفل تخريج الدفعة 75 | B13: 10000 | C13: 0.258 | D13: 1
A14: حفل تخريج الدفعة 76 | B14: 10000 | C14: 0.252 | D14: 1
A15: حفل تخريج الدفعة 77 | B15: 10000 | C15: 0.246 | D15: 1
A16: حفل تخريج الدفعة 78 | B16: 12000 | C16: 0.24 | D16: 1
A17: Grand Total | B17: 5752500 | C17: 3.616 | D17: 13

Sheet المشاريع لكل شهر
A1: Count of اسم المشروع | B1: Column Labels
A2: Row Labels | B2: 2024 | C2: 2025 | D2: Grand Total
A3: Jan | B3: 6 | D3: 6
A4: May | B4: 1 | D4: 1
A5: Aug | B5: 1 | D5: 1
A6: Sep | B6: 1 | C6: 1 | D6: 2
A7: Oct | B7: 1 | D7: 1
A8: Dec | B8: 2 | D8: 2
A9: Grand Total | B9: 12 | C9: 1 | D9: 13

Sheet داشبورد

Sheet المقارنة
A1: اسم المشروع | B1: Sum of قيمة المشروع | C1: Sum of قيمة الربح
A2: حفل تخريج الدفعة 65 | B2: 15000 | C2: 4950
A3: حفل تخريج الدفعة 66 | B3: 15000 | C3: 4350 | F3: العدد | G3: القيمة | H3: الربحية
A4: حفل تخريج الدفعة 67 | B4: 15000 | C4: 5550 | E4: العقود اقل من 500 | F4: =COUNTIFS(B2:B16, "<=500000") -> 12 | G4: =SUMIF(B:B, "<=500000", B:B) -> 167500 | H4: =SUMIF(B:B, "<=500000",C:C) -> 45903
A5: حفل تخريج الدفعة 68 | B5: 15000 | C5: 2850 | E5: العقود اعلي من 500 | F5: =COUNTIFS(B2:B16, ">500000") -> 2 | G5: =SUMIF(B:B, ">500000", B:B) -> 5600000 | H5: =SUMIF(B:B, ">500000",C:C) -> 1922800
A6: حفل تخريج الدفعة 69 | B6: 5000000 | C6: 1750000
A7: حفل تخريج الدفعة 70 | B7: 600000 | C7: 172800
A8: حفل تخريج الدفعة 71 | B8: 500 | C8: 141
A9: حفل تخريج الدفعة 72 | B9: 25000 | C9: 6900
A10: حفل تخريج الدفعة 73 | B10: 27000 | C10: 7290
A11: حفل تخريج الدفعة 74 | B11: 13000 | C11: 3432
A12: حفل تخريج الدفعة 75 | B12: 10000 | C12: 2580
A13: حفل تخريج الدفعة 76 | B13: 10000 | C13: 2520
A14: حفل تخريج الدفعة 77 | B14: 10000 | C14: 2460
A15: حفل تخريج الدفعة 78 | B15: 12000 | C15: 2880

Sheet الجداول 
A4: الجهة الحكومية | B4: (All) | C4: الجهات والمناطق | K4: الشهور والأعوام | Q4: تفاصيل العقود
A5: اسم المشروع | B5: (All)
A7: المنطقة | B7: قيمة المشروع | C7: نسبة الربحية المتوقعة | E7: الجهة الحكومية | F7: إجمالي الربح من الجهة | G7: عدد المشاريع | J7: سنة التقديم | K7: شهر التقديم | L7: عدد المشاريع | M7: قيمة المشروع | N7: نسبة الربحية المتوقعة | Q7: العدد | R7: القيمة
A8: الرياض | B8: 65000 | C8: 1.048 | E8: وزارة التعليم | F8: 9739.665 | G8: 3 | J8: 2024 | L8: 13 | M8: 5752500 | N8: 3.716 | P8: العقود اقل من 500 الف | Q8: =المقارنة!$F$4 -> 12 | R8: =المقارنة!$G$4 -> 167500
A9: المدينة | B9: 25500 | C9: 0.91 | E9: وزارة الشباب | F9: 3834.675 | G9: 1 | J9: 2025 | L9: 1 | M9: 15000 | N9: 0.19 | P9: العقود أعلي من 500 الف | Q9: =المقارنة!$F$5 -> 2 | R9: =المقارنة!G$5 -> 5600000
A10: جدة | B10: 5677000 | C10: 1.948 | E10: وزارة الصحة | F10: 42117.075 | G10: 11 | J10: Grand Total | L10: 14 | M10: 5767500 | N10: 3.906 | P10: ربحية العقود اقل من 500 الف | Q10: =Q8 -> 12 | R10: =المقارنة!$H$4 -> 45903
A11: Grand Total | B11: 5767500 | C11: 3.906 | E11: Grand Total | F11: 55691.415 | G11: 15 | P11: ربحية العقود أعلي من 500 الف | Q11: =Q9 -> 2 | R11: =المقارنة!$H$5 -> 1922800
P12: إجمالي العقود | Q12: =المقارنة!F4+المقارنة!F5 -> 14 | R12: =المقارنة!G4+المقارنة!G5 -> 5767500
D21: التكاليف | L21: المبيعات
A24: اسم المشروع | B24: الجهة الحكومية | C24: تكلفة الحبة اللواحدة | D24: المخاطرة 10% | E24: ضرائب المنتج الواحد | F24: إجمالي التكاليف بالضرائب | J24: اسم المشروع | K24: الجهة الحكومية | L24: الكمية | M24: الإجمالي بدون الضرائب | N24: الضريبة | O24: الإجمالي بالضرائب | P24: إجمالي الربح
A25: حفل تخريج الدفعة 65 | C25: 484 | D25: 48.4 | E25: 94.38 | F25: 723.58 | J25: حفل تخريج الدفعة 65 | L25: 37 | M25: 13465.4 | N25: 2019.81 | O25: 15485.21 | P25: 12741.82
A26: حفل تخريج الدفعة 66 | C26: 120 | D26: 12 | E26: 23.4 | F26: 179.4 | J26: حفل تخريج الدفعة 66 | L26: 13 | M26: 2028 | N26: 304.2 | O26: 2332.2 | P26: 1848.6
A27: حفل تخريج الدفعة 67 | C27: 121 | D27: 12.1 | E27: 23.595 | F27: 180.895 | J27: حفل تخريج الدفعة 67 | L27: 14 | M27: 2202.2 | N27: 330.33 | O27: 2532.53 | P27: 2021.305
A28: حفل تخريج الدفعة 68 | C28: 125 | D28: 12.5 | E28: 24.375 | F28: 186.875 | J28: حفل تخريج الدفعة 68 | L28: 15 | M28: 2437.5 | N28: 365.625 | O28: 2803.125 | P28: 2250.625
A29: حفل تخريج الدفعة 69 | C29: 130 | D29: 13 | E29: 25.35 | F29: 194.35 | J29: حفل تخريج الدفعة 69 | L29: 16 | M29: 2704 | N29: 405.6 | O29: 3109.6 | P29: 2509.65
A30: حفل تخريج الدفعة 70 | C30: 129 | D30: 12.9 | E30: 25.155 | F30: 192.855 | J30: حفل تخريج الدفعة 70 | L30: 17 | M30: 2850.9 | N30: 427.635 | O30: 3278.535 | P30: 2658.045
A31: حفل تخريج الدفعة 71 | C31: 170 | D31: 17 | E31: 33.15 | F31: 254.15 | J31: حفل تخريج الدفعة 71 | L31: 18 | M31: 3978 | N31: 596.7 | O31: 4574.7 | P31: 3723.85
A32: حفل تخريج الدفعة 72 | C32: 190 | D32: 19 | E32: 37.05 | F32: 284.05 | J32: حفل تخريج الدفعة 72 | L32: 19 | M32: 4693 | N32: 703.95 | O32: 5396.95 | P32: 4408.95
A33: حفل تخريج الدفعة 73 | C33: 180 | D33: 18 | E33: 35.1 | F33: 269.1 | J33: حفل تخريج الدفعة 73 | L33: 20 | M33: 4680 | N33: 702 | O33: 5382 | P33: 4410.9
A34: حفل تخريج الدفعة 74 | C34: 120 | D34: 12 | E34: 23.4 | F34: 179.4 | J34: حفل تخريج الدفعة 74 | L34: 21 | M34: 3276 | N34: 491.4 | O34: 3767.4 | P34: 3096.6
A35: حفل تخريج الدفعة 75 | C35: 160 | D35: 16 | E35: 31.2 | F35: 239.2 | J35: حفل تخريج الدفعة 75 | L35: 22 | M35: 4576 | N35: 686.4 | O35: 5262.4 | P35: 4336.8
A36: حفل تخريج الدفعة 76 | C36: 135 | D36: 13.5 | E36: 26.325 | F36: 201.825 | J36: حفل تخريج الدفعة 76 | L36: 23 | M36: 4036.5 | N36: 605.475 | O36: 4641.975 | P36: 3834.675
... A39: Grand Total | C39: 2323 | D39: 232.3 | E39: 452.985 | F39: 3472.885 | J39: Grand Total | L39: 284 | M39: 59164.3 | N39: 8874.645 | O39: 68038.945 | P39: 55691.415

Sheet Sheet1
